file,method,incidents_on_clean_log,anomalies_on_clean_log
HDFS_2k,ensemble,35,215
HDFS_2k,rules,0,8
HDFS_2k,robust_z,28,97
HDFS_2k,poisson,15,90
HDFS_2k,ewma,0,13
HDFS_2k,novelty,0,7
Linux_2k,ensemble,42,381
Linux_2k,rules,13,64
Linux_2k,robust_z,41,101
Linux_2k,poisson,15,94
Linux_2k,ewma,3,15
Linux_2k,novelty,5,107
Apache_2k,ensemble,14,362
Apache_2k,rules,6,107
Apache_2k,robust_z,13,148
Apache_2k,poisson,11,97
Apache_2k,ewma,4,8
Apache_2k,novelty,1,2
Zookeeper_2k,ensemble,8,153
Zookeeper_2k,rules,2,19
Zookeeper_2k,robust_z,7,44
Zookeeper_2k,poisson,7,67
Zookeeper_2k,ewma,4,12
Zookeeper_2k,novelty,3,11
