file,seed,window_threshold,precision,recall,f1,n_incidents
HDFS_2k,42,0.5,0.3143,0.9167,0.4681,35
HDFS_2k,42,1.0,0.3056,0.9167,0.4583,36
HDFS_2k,42,1.5,0.32,0.6667,0.4324,25
HDFS_2k,42,2.0,0.2857,0.5,0.3636,21
HDFS_2k,42,3.0,0.3333,0.25,0.2857,9
HDFS_2k,43,0.5,0.3056,0.9167,0.4583,36
HDFS_2k,43,1.0,0.2895,0.9167,0.44,38
HDFS_2k,43,1.5,0.3462,0.75,0.4737,26
HDFS_2k,43,2.0,0.25,0.4167,0.3125,20
HDFS_2k,43,3.0,0.125,0.0833,0.1,8
Linux_2k,42,0.5,0.2791,1.0,0.4364,43
Linux_2k,42,1.0,0.2791,1.0,0.4364,43
Linux_2k,42,1.5,0.2857,0.8333,0.4255,35
Linux_2k,42,2.0,0.32,0.6667,0.4324,25
Linux_2k,42,3.0,0.2381,0.4167,0.303,21
Linux_2k,43,0.5,0.2791,1.0,0.4364,43
Linux_2k,43,1.0,0.2791,1.0,0.4364,43
Linux_2k,43,1.5,0.3143,0.9167,0.4681,35
Linux_2k,43,2.0,0.2273,0.4167,0.2941,22
Linux_2k,43,3.0,0.2105,0.3333,0.2581,19
Apache_2k,42,0.5,0.3548,0.9167,0.5116,31
Apache_2k,42,1.0,0.5882,0.8333,0.6897,17
Apache_2k,42,1.5,0.4706,0.6667,0.5517,17
Apache_2k,42,2.0,0.5455,0.5,0.5217,11
Apache_2k,42,3.0,0.6,0.5,0.5455,10
Apache_2k,43,0.5,0.3548,0.9167,0.5116,31
Apache_2k,43,1.0,0.5882,0.8333,0.6897,17
Apache_2k,43,1.5,0.5294,0.75,0.6207,17
Apache_2k,43,2.0,0.6667,0.6667,0.6667,12
Apache_2k,43,3.0,0.6,0.5,0.5455,10
Zookeeper_2k,42,0.5,0.5,0.6667,0.5714,16
Zookeeper_2k,42,1.0,0.4375,0.5833,0.5,16
Zookeeper_2k,42,1.5,0.2857,0.3333,0.3077,14
Zookeeper_2k,42,2.0,0.2308,0.25,0.24,13
Zookeeper_2k,42,3.0,0.1818,0.1667,0.1739,11
Zookeeper_2k,43,0.5,0.4706,0.6667,0.5517,17
Zookeeper_2k,43,1.0,0.5,0.6667,0.5714,16
Zookeeper_2k,43,1.5,0.2308,0.25,0.24,13
Zookeeper_2k,43,2.0,0.2308,0.25,0.24,13
Zookeeper_2k,43,3.0,0.0,0.0,0.0,8
