file,seed,method,tp,fp,fn,precision,recall,f1,burst_recall,novel_recall,escalation_recall
HDFS_2k,42,ensemble,11,25,1,0.3056,0.9167,0.4583,1.0,1.0,0.75
HDFS_2k,42,rules,4,0,8,1.0,0.3333,0.5,0.0,1.0,0.0
HDFS_2k,42,robust_z,9,22,3,0.2903,0.75,0.4186,1.0,0.5,0.75
HDFS_2k,42,poisson,4,13,8,0.2353,0.3333,0.2759,0.25,0.5,0.25
HDFS_2k,42,ewma,0,0,12,0.0,0.0,0.0,0.0,0.0,0.0
HDFS_2k,42,novelty,0,1,12,0.0,0.0,0.0,0.0,0.0,0.0
HDFS_2k,43,ensemble,11,27,1,0.2895,0.9167,0.44,1.0,1.0,0.75
HDFS_2k,43,rules,1,0,11,1.0,0.0833,0.1538,0.0,0.25,0.0
HDFS_2k,43,robust_z,9,21,3,0.3,0.75,0.4286,1.0,0.5,0.75
HDFS_2k,43,poisson,3,13,9,0.1875,0.25,0.2143,0.25,0.25,0.25
HDFS_2k,43,ewma,0,0,12,0.0,0.0,0.0,0.0,0.0,0.0
HDFS_2k,43,novelty,1,2,11,0.3333,0.0833,0.1333,0.0,0.25,0.0
Linux_2k,42,ensemble,12,31,0,0.2791,1.0,0.4364,1.0,1.0,1.0
Linux_2k,42,rules,5,9,7,0.3571,0.4167,0.3846,0.5,0.75,0.0
Linux_2k,42,robust_z,10,33,2,0.2326,0.8333,0.3636,1.0,0.75,0.75
Linux_2k,42,poisson,2,12,10,0.1429,0.1667,0.1538,0.5,0.0,0.0
Linux_2k,42,ewma,0,4,12,0.0,0.0,0.0,0.0,0.0,0.0
Linux_2k,42,novelty,3,8,9,0.2727,0.25,0.2609,0.0,0.0,0.75
Linux_2k,43,ensemble,12,31,0,0.2791,1.0,0.4364,1.0,1.0,1.0
Linux_2k,43,rules,1,10,11,0.0909,0.0833,0.087,0.25,0.0,0.0
Linux_2k,43,robust_z,11,32,1,0.2558,0.9167,0.4,1.0,1.0,0.75
Linux_2k,43,poisson,2,12,10,0.1429,0.1667,0.1538,0.5,0.0,0.0
Linux_2k,43,ewma,0,4,12,0.0,0.0,0.0,0.0,0.0,0.0
Linux_2k,43,novelty,4,7,8,0.3636,0.3333,0.3478,0.0,0.25,0.75
Apache_2k,42,ensemble,10,7,2,0.5882,0.8333,0.6897,1.0,1.0,0.5
Apache_2k,42,rules,2,4,10,0.3333,0.1667,0.2222,0.25,0.25,0.0
Apache_2k,42,robust_z,9,6,3,0.6,0.75,0.6667,1.0,0.75,0.5
Apache_2k,42,poisson,4,6,8,0.4,0.3333,0.3636,0.25,0.5,0.25
Apache_2k,42,ewma,0,2,12,0.0,0.0,0.0,0.0,0.0,0.0
Apache_2k,42,novelty,1,2,11,0.3333,0.0833,0.1333,0.25,0.0,0.0
Apache_2k,43,ensemble,10,7,2,0.5882,0.8333,0.6897,1.0,1.0,0.5
Apache_2k,43,rules,2,5,10,0.2857,0.1667,0.2105,0.0,0.25,0.25
Apache_2k,43,robust_z,9,6,3,0.6,0.75,0.6667,1.0,0.75,0.5
Apache_2k,43,poisson,4,6,8,0.4,0.3333,0.3636,0.25,0.5,0.25
Apache_2k,43,ewma,0,2,12,0.0,0.0,0.0,0.0,0.0,0.0
Apache_2k,43,novelty,3,0,9,1.0,0.25,0.4,0.25,0.5,0.0
Zookeeper_2k,42,ensemble,7,9,5,0.4375,0.5833,0.5,1.0,0.75,0.0
Zookeeper_2k,42,rules,3,2,9,0.6,0.25,0.3529,0.0,0.75,0.0
Zookeeper_2k,42,robust_z,5,7,7,0.4167,0.4167,0.4167,1.0,0.25,0.0
Zookeeper_2k,42,poisson,0,7,12,0.0,0.0,0.0,0.0,0.0,0.0
Zookeeper_2k,42,ewma,1,4,11,0.2,0.0833,0.1176,0.25,0.0,0.0
Zookeeper_2k,42,novelty,0,5,12,0.0,0.0,0.0,0.0,0.0,0.0
Zookeeper_2k,43,ensemble,8,8,4,0.5,0.6667,0.5714,1.0,1.0,0.0
Zookeeper_2k,43,rules,2,2,10,0.5,0.1667,0.25,0.0,0.5,0.0
Zookeeper_2k,43,robust_z,4,7,8,0.3636,0.3333,0.3478,1.0,0.0,0.0
Zookeeper_2k,43,poisson,0,7,12,0.0,0.0,0.0,0.0,0.0,0.0
Zookeeper_2k,43,ewma,1,5,11,0.1667,0.0833,0.1111,0.25,0.0,0.0
Zookeeper_2k,43,novelty,1,4,11,0.2,0.0833,0.1176,0.0,0.25,0.0
