file,seed,method,n_anomalies,hit,false_alarm,sensitivity,precision_like,burst_sensitivity,novel_sensitivity,escalation_sensitivity
HDFS_2k,42,ensemble,274,63,211,0.9167,0.2299,1.0,1.0,0.75
HDFS_2k,42,rules,33,16,17,0.5833,0.4848,0.0,1.0,0.75
HDFS_2k,42,robust_z,108,19,89,0.75,0.1759,1.0,0.5,0.75
HDFS_2k,42,poisson,102,20,82,0.8333,0.1961,1.0,0.75,0.75
HDFS_2k,42,ewma,23,8,15,0.5,0.3478,0.25,0.75,0.5
HDFS_2k,42,novelty,8,0,8,0.0,0.0,0.0,0.0,0.0
HDFS_2k,43,ensemble,260,57,203,0.9167,0.2192,1.0,1.0,0.75
HDFS_2k,43,rules,27,13,14,0.5833,0.4815,0.0,1.0,0.75
HDFS_2k,43,robust_z,108,18,90,0.75,0.1667,1.0,0.5,0.75
HDFS_2k,43,poisson,92,17,75,0.75,0.1848,1.0,0.5,0.75
HDFS_2k,43,ewma,23,8,15,0.5,0.3478,0.5,0.5,0.5
HDFS_2k,43,novelty,10,1,9,0.0833,0.1,0.0,0.25,0.0
Linux_2k,42,ensemble,426,73,353,1.0,0.1714,1.0,1.0,1.0
Linux_2k,42,rules,82,23,59,0.9167,0.2805,0.75,1.0,1.0
Linux_2k,42,robust_z,108,20,88,0.8333,0.1852,1.0,0.75,0.75
Linux_2k,42,poisson,99,18,81,0.8333,0.1818,0.75,1.0,0.75
Linux_2k,42,ewma,17,1,16,0.0833,0.0588,0.25,0.0,0.0
Linux_2k,42,novelty,120,11,109,0.3333,0.0917,0.25,0.0,0.75
Linux_2k,43,ensemble,425,70,355,1.0,0.1647,1.0,1.0,1.0
Linux_2k,43,rules,78,20,58,0.9167,0.2564,0.75,1.0,1.0
Linux_2k,43,robust_z,111,21,90,0.9167,0.1892,1.0,1.0,0.75
Linux_2k,43,poisson,101,17,84,0.8333,0.1683,1.0,0.75,0.75
Linux_2k,43,ewma,15,0,15,0.0,0.0,0.0,0.0,0.0
Linux_2k,43,novelty,120,12,108,0.4167,0.1,0.25,0.25,0.75
Apache_2k,42,ensemble,386,89,297,0.9167,0.2306,1.0,1.0,0.75
Apache_2k,42,rules,112,20,92,0.8333,0.1786,0.75,1.0,0.75
Apache_2k,42,robust_z,158,39,119,0.75,0.2468,1.0,0.75,0.5
Apache_2k,42,poisson,104,28,76,0.6667,0.2692,1.0,0.75,0.25
Apache_2k,42,ewma,8,0,8,0.0,0.0,0.0,0.0,0.0
Apache_2k,42,novelty,4,2,2,0.0833,0.5,0.25,0.0,0.0
Apache_2k,43,ensemble,379,88,291,0.9167,0.2322,1.0,1.0,0.75
Apache_2k,43,rules,111,20,91,0.8333,0.1802,0.75,1.0,0.75
Apache_2k,43,robust_z,155,37,118,0.75,0.2387,1.0,0.75,0.5
Apache_2k,43,poisson,99,25,74,0.5833,0.2525,1.0,0.5,0.25
Apache_2k,43,ewma,10,2,8,0.1667,0.2,0.0,0.25,0.25
Apache_2k,43,novelty,4,4,0,0.25,1.0,0.25,0.5,0.0
Zookeeper_2k,42,ensemble,203,33,170,0.6667,0.1626,1.0,1.0,0.0
Zookeeper_2k,42,rules,34,11,23,0.4167,0.3235,0.25,1.0,0.0
Zookeeper_2k,42,robust_z,55,9,46,0.4167,0.1636,1.0,0.25,0.0
Zookeeper_2k,42,poisson,80,8,72,0.4167,0.1,1.0,0.25,0.0
Zookeeper_2k,42,ewma,21,5,16,0.3333,0.2381,0.5,0.5,0.0
Zookeeper_2k,42,novelty,13,0,13,0.0,0.0,0.0,0.0,0.0
Zookeeper_2k,43,ensemble,198,29,169,0.6667,0.1465,1.0,1.0,0.0
Zookeeper_2k,43,rules,32,8,24,0.3333,0.25,0.0,1.0,0.0
Zookeeper_2k,43,robust_z,55,8,47,0.3333,0.1455,1.0,0.0,0.0
Zookeeper_2k,43,poisson,78,7,71,0.3333,0.0897,1.0,0.0,0.0
Zookeeper_2k,43,ewma,20,5,15,0.3333,0.25,0.25,0.75,0.0
Zookeeper_2k,43,novelty,13,1,12,0.0833,0.0769,0.0,0.25,0.0
