bucket,score,n_anomalies,detectors,kinds,flagged
2005-12-04 04:40:00,0.5,1,rules,rule:error-level,False
2005-12-04 04:50:00,5.7,10,"ewma,poisson,robust_z,rules","ewma-error-volume-up,ewma-volume-up,rule:error-level,rule:jk-error,template-burst,template-poisson",True
2005-12-04 05:00:00,3.8,7,"poisson,robust_z,rules","rule:error-level,template-burst,template-poisson",True
2005-12-04 05:10:00,3.8,4,"robust_z,rules","rule:error-level,template-burst",True
2005-12-04 05:20:00,0.0,0,,,False
2005-12-04 05:30:00,0.0,0,,,False
2005-12-04 05:40:00,0.0,0,,,False
2005-12-04 05:50:00,0.0,0,,,False
2005-12-04 06:00:00,4.2,8,"poisson,robust_z,rules","rule:error-level,rule:jk-error,template-burst,template-poisson",True
2005-12-04 06:10:00,4.2,8,"poisson,robust_z,rules","rule:error-level,rule:jk-error,template-burst,template-poisson",True
2005-12-04 06:20:00,3.8,7,"poisson,robust_z,rules","rule:error-level,template-burst,template-poisson",True
2005-12-04 06:30:00,0.8,1,rules,rule:error-level,False
2005-12-04 06:40:00,4.2,8,"poisson,robust_z,rules","rule:error-level,rule:jk-error,template-burst,template-poisson",True
2005-12-04 06:50:00,4.2,8,"poisson,robust_z,rules","rule:error-level,rule:jk-error,template-burst,template-poisson",True
2005-12-04 07:00:00,3.8,7,"poisson,robust_z,rules","rule:error-level,template-burst,template-poisson",True
2005-12-04 07:10:00,4.2,8,"poisson,robust_z,rules","rule:error-level,rule:jk-error,template-burst,template-poisson",True
2005-12-04 07:20:00,0.0,0,,,False
2005-12-04 07:30:00,0.0,0,,,False
2005-12-04 07:40:00,0.5,1,rules,rule:error-level,False
2005-12-04 07:50:00,0.0,0,,,False
2005-12-04 08:00:00,0.0,0,,,False
2005-12-04 08:10:00,0.0,0,,,False
2005-12-04 08:20:00,0.0,0,,,False
2005-12-04 08:30:00,0.0,0,,,False
2005-12-04 08:40:00,0.0,0,,,False
2005-12-04 08:50:00,0.5,1,rules,rule:error-level,False
2005-12-04 09:00:00,0.0,0,,,False
2005-12-04 09:10:00,0.0,0,,,False
2005-12-04 09:20:00,0.0,0,,,False
2005-12-04 09:30:00,0.5,1,rules,rule:error-level,False
2005-12-04 09:40:00,0.0,0,,,False
2005-12-04 09:50:00,0.0,0,,,False
2005-12-04 10:00:00,0.0,0,,,False
2005-12-04 10:10:00,0.0,0,,,False
2005-12-04 10:20:00,0.0,0,,,False
2005-12-04 10:30:00,0.0,0,,,False
2005-12-04 10:40:00,0.0,0,,,False
2005-12-04 10:50:00,0.5,1,rules,rule:error-level,False
2005-12-04 11:00:00,0.0,0,,,False
2005-12-04 11:10:00,0.5,1,rules,rule:error-level,False
2005-12-04 11:20:00,0.0,0,,,False
2005-12-04 11:30:00,0.5,1,rules,rule:error-level,False
2005-12-04 11:40:00,0.5,1,rules,rule:error-level,False
2005-12-04 11:50:00,0.0,0,,,False
2005-12-04 12:00:00,0.0,0,,,False
2005-12-04 12:10:00,0.0,0,,,False
2005-12-04 12:20:00,0.0,0,,,False
2005-12-04 12:30:00,0.5,1,rules,rule:error-level,False
2005-12-04 12:40:00,0.0,0,,,False
2005-12-04 12:50:00,0.0,0,,,False
2005-12-04 13:00:00,0.0,0,,,False
2005-12-04 13:10:00,0.0,0,,,False
2005-12-04 13:20:00,0.0,0,,,False
2005-12-04 13:30:00,0.5,1,rules,rule:error-level,False
2005-12-04 13:40:00,0.0,0,,,False
2005-12-04 13:50:00,0.0,0,,,False
2005-12-04 14:00:00,0.0,0,,,False
2005-12-04 14:10:00,0.0,0,,,False
2005-12-04 14:20:00,0.5,1,rules,rule:error-level,False
2005-12-04 14:30:00,0.0,0,,,False
2005-12-04 14:40:00,0.0,0,,,False
2005-12-04 14:50:00,0.0,0,,,False
2005-12-04 15:00:00,0.0,0,,,False
2005-12-04 15:10:00,0.5,1,rules,rule:error-level,False
2005-12-04 15:20:00,0.0,0,,,False
2005-12-04 15:30:00,0.0,0,,,False
2005-12-04 15:40:00,0.0,0,,,False
2005-12-04 15:50:00,0.5,1,rules,rule:error-level,False
2005-12-04 16:00:00,0.0,0,,,False
2005-12-04 16:10:00,0.0,0,,,False
2005-12-04 16:20:00,0.5,1,rules,rule:error-level,False
2005-12-04 16:30:00,5.3,6,"ewma,robust_z,rules","ewma-error-volume-up,ewma-volume-up,rule:error-level,template-burst",True
2005-12-04 16:40:00,3.8,7,"poisson,robust_z,rules","rule:error-level,template-burst,template-poisson",True
2005-12-04 16:50:00,3.8,7,"poisson,robust_z,rules","rule:error-level,template-burst,template-poisson",True
2005-12-04 17:00:00,3.8,6,"poisson,robust_z,rules","rule:error-level,template-burst,template-poisson",True
2005-12-04 17:10:00,3.8,5,"poisson,robust_z,rules","rule:error-level,template-burst,template-poisson",True
2005-12-04 17:20:00,3.8,5,"poisson,robust_z,rules","rule:error-level,template-burst,template-poisson",True
2005-12-04 17:30:00,3.8,6,"poisson,robust_z,rules","rule:error-level,template-burst,template-poisson",True
2005-12-04 17:40:00,6.2,6,"novelty,robust_z,rules","new-template,rule:error-level,template-burst",True
2005-12-04 17:50:00,0.5,1,rules,rule:error-level,False
2005-12-04 18:00:00,0.0,0,,,False
2005-12-04 18:10:00,0.0,0,,,False
2005-12-04 18:20:00,0.5,1,rules,rule:error-level,False
2005-12-04 18:30:00,0.0,0,,,False
2005-12-04 18:40:00,0.0,0,,,False
2005-12-04 18:50:00,0.0,0,,,False
2005-12-04 19:00:00,0.0,0,,,False
2005-12-04 19:10:00,0.0,0,,,False
2005-12-04 19:20:00,0.5,1,rules,rule:error-level,False
2005-12-04 19:30:00,5.3,9,"ewma,poisson,robust_z,rules","ewma-error-volume-up,ewma-volume-up,rule:error-level,template-burst,template-poisson",True
2005-12-04 19:40:00,3.8,6,"poisson,robust_z,rules","rule:error-level,template-burst,template-poisson",True
2005-12-04 19:50:00,3.8,7,"poisson,robust_z,rules","rule:error-level,template-burst,template-poisson",True
2005-12-04 20:00:00,3.8,7,"poisson,robust_z,rules","rule:error-level,template-burst,template-poisson",True
2005-12-04 20:10:00,3.8,6,"poisson,robust_z,rules","rule:error-level,template-burst,template-poisson",True
2005-12-04 20:20:00,3.8,7,"poisson,robust_z,rules","rule:error-level,template-burst,template-poisson",True
2005-12-04 20:30:00,3.8,7,"poisson,robust_z,rules","rule:error-level,template-burst,template-poisson",True
2005-12-04 20:40:00,2.8,3,"robust_z,rules","rule:error-level,template-burst",True
2005-12-04 20:50:00,0.0,0,,,False
2005-12-04 21:00:00,0.0,0,,,False
2005-12-04 21:10:00,0.0,0,,,False
2005-12-04 21:20:00,0.0,0,,,False
2005-12-04 21:30:00,0.0,0,,,False
2005-12-04 21:40:00,0.0,0,,,False
2005-12-04 21:50:00,0.0,0,,,False
2005-12-04 22:00:00,0.0,0,,,False
2005-12-04 22:10:00,0.0,0,,,False
2005-12-04 22:20:00,0.0,0,,,False
2005-12-04 22:30:00,0.0,0,,,False
2005-12-04 22:40:00,0.0,0,,,False
2005-12-04 22:50:00,0.0,0,,,False
2005-12-04 23:00:00,0.0,0,,,False
2005-12-04 23:10:00,0.0,0,,,False
2005-12-04 23:20:00,0.0,0,,,False
2005-12-04 23:30:00,0.0,0,,,False
2005-12-04 23:40:00,0.0,0,,,False
2005-12-04 23:50:00,0.0,0,,,False
2005-12-05 00:00:00,0.0,0,,,False
2005-12-05 00:10:00,0.0,0,,,False
2005-12-05 00:20:00,0.0,0,,,False
2005-12-05 00:30:00,0.0,0,,,False
2005-12-05 00:40:00,0.0,0,,,False
2005-12-05 00:50:00,0.0,0,,,False
2005-12-05 01:00:00,0.5,1,rules,rule:error-level,False
2005-12-05 01:10:00,0.0,0,,,False
2005-12-05 01:20:00,0.0,0,,,False
2005-12-05 01:30:00,0.5,1,rules,rule:error-level,False
2005-12-05 01:40:00,0.0,0,,,False
2005-12-05 01:50:00,0.0,0,,,False
2005-12-05 02:00:00,0.0,0,,,False
2005-12-05 02:10:00,0.0,0,,,False
2005-12-05 02:20:00,0.0,0,,,False
2005-12-05 02:30:00,0.0,0,,,False
2005-12-05 02:40:00,0.0,0,,,False
2005-12-05 02:50:00,0.0,0,,,False
2005-12-05 03:00:00,0.0,0,,,False
2005-12-05 03:10:00,0.0,0,,,False
2005-12-05 03:20:00,2.3,3,"ewma,rules","ewma-error-volume-up,ewma-volume-up,rule:error-level",True
2005-12-05 03:30:00,0.8,1,rules,rule:error-level,False
2005-12-05 03:40:00,3.8,6,"poisson,robust_z,rules","rule:error-level,template-burst,template-poisson",True
2005-12-05 03:50:00,3.8,6,"poisson,robust_z,rules","rule:error-level,template-burst,template-poisson",True
2005-12-05 04:00:00,3.8,5,"poisson,robust_z,rules","rule:error-level,template-burst,template-poisson",True
2005-12-05 04:10:00,3.8,6,"poisson,robust_z,rules","rule:error-level,template-burst,template-poisson",True
2005-12-05 04:20:00,0.0,0,,,False
2005-12-05 04:30:00,0.0,0,,,False
2005-12-05 04:40:00,0.0,0,,,False
2005-12-05 04:50:00,0.0,0,,,False
2005-12-05 05:00:00,0.8,1,rules,rule:error-level,False
2005-12-05 05:10:00,1.8,3,"poisson,robust_z,rules","rule:error-level,template-burst,template-poisson",True
2005-12-05 05:20:00,0.0,0,,,False
2005-12-05 05:30:00,0.0,0,,,False
2005-12-05 05:40:00,0.0,0,,,False
2005-12-05 05:50:00,0.0,0,,,False
2005-12-05 06:00:00,0.0,0,,,False
2005-12-05 06:10:00,0.0,0,,,False
2005-12-05 06:20:00,0.0,0,,,False
2005-12-05 06:30:00,0.8,1,rules,rule:error-level,False
2005-12-05 06:40:00,0.0,0,,,False
2005-12-05 06:50:00,0.0,0,,,False
2005-12-05 07:00:00,0.0,0,,,False
2005-12-05 07:10:00,0.5,1,rules,rule:error-level,False
2005-12-05 07:20:00,3.8,4,"robust_z,rules","rule:error-level,template-burst",True
2005-12-05 07:30:00,3.8,7,"poisson,robust_z,rules","rule:error-level,template-burst,template-poisson",True
2005-12-05 07:40:00,4.2,8,"poisson,robust_z,rules","rule:error-level,rule:jk-error,template-burst,template-poisson",True
2005-12-05 07:50:00,3.8,7,"poisson,robust_z,rules","rule:error-level,template-burst,template-poisson",True
2005-12-05 08:00:00,0.0,0,,,False
2005-12-05 08:10:00,0.0,0,,,False
2005-12-05 08:20:00,0.0,0,,,False
2005-12-05 08:30:00,0.0,0,,,False
2005-12-05 08:40:00,0.0,0,,,False
2005-12-05 08:50:00,0.0,0,,,False
2005-12-05 09:00:00,0.5,1,rules,rule:error-level,False
2005-12-05 09:10:00,0.0,0,,,False
2005-12-05 09:20:00,0.0,0,,,False
2005-12-05 09:30:00,0.5,1,rules,rule:error-level,False
2005-12-05 09:40:00,0.0,0,,,False
2005-12-05 09:50:00,0.5,1,rules,rule:error-level,False
2005-12-05 10:00:00,0.0,0,,,False
2005-12-05 10:10:00,3.8,4,"robust_z,rules","rule:error-level,template-burst",True
2005-12-05 10:20:00,3.8,6,"poisson,robust_z,rules","rule:error-level,template-burst,template-poisson",True
2005-12-05 10:30:00,3.8,7,"poisson,robust_z,rules","rule:error-level,template-burst,template-poisson",True
2005-12-05 10:40:00,3.8,7,"poisson,robust_z,rules","rule:error-level,template-burst,template-poisson",True
2005-12-05 10:50:00,3.8,7,"poisson,robust_z,rules","rule:error-level,template-burst,template-poisson",True
2005-12-05 11:00:00,2.8,3,"robust_z,rules","rule:error-level,template-burst",True
2005-12-05 11:10:00,0.0,0,,,False
2005-12-05 11:20:00,0.0,0,,,False
2005-12-05 11:30:00,0.0,0,,,False
2005-12-05 11:40:00,0.0,0,,,False
2005-12-05 11:50:00,0.0,0,,,False
2005-12-05 12:00:00,0.0,0,,,False
2005-12-05 12:10:00,0.0,0,,,False
2005-12-05 12:20:00,0.0,0,,,False
2005-12-05 12:30:00,1.8,2,"robust_z,rules","rule:error-level,template-burst",True
2005-12-05 12:40:00,0.5,1,rules,rule:error-level,False
2005-12-05 12:50:00,0.8,1,rules,rule:error-level,False
2005-12-05 13:00:00,0.8,1,rules,rule:error-level,False
2005-12-05 13:10:00,3.8,4,"robust_z,rules","rule:error-level,template-burst",True
2005-12-05 13:20:00,3.8,7,"poisson,robust_z,rules","rule:error-level,template-burst,template-poisson",True
2005-12-05 13:30:00,3.8,7,"poisson,robust_z,rules","rule:error-level,template-burst,template-poisson",True
2005-12-05 13:40:00,4.2,8,"poisson,robust_z,rules","rule:error-level,rule:jk-error,template-burst,template-poisson",True
2005-12-05 13:50:00,3.8,5,"poisson,robust_z,rules","rule:error-level,template-burst,template-poisson",True
2005-12-05 14:00:00,0.8,1,rules,rule:error-level,False
2005-12-05 14:10:00,0.5,1,rules,rule:error-level,False
2005-12-05 14:20:00,0.0,0,,,False
2005-12-05 14:30:00,0.0,0,,,False
2005-12-05 14:40:00,0.0,0,,,False
2005-12-05 14:50:00,0.0,0,,,False
2005-12-05 15:00:00,0.0,0,,,False
2005-12-05 15:10:00,0.0,0,,,False
2005-12-05 15:20:00,0.0,0,,,False
2005-12-05 15:30:00,0.8,1,rules,rule:error-level,False
2005-12-05 15:40:00,1.8,2,"robust_z,rules","rule:error-level,template-burst",True
2005-12-05 15:50:00,1.8,2,"robust_z,rules","rule:error-level,template-burst",True
2005-12-05 16:00:00,3.8,4,"robust_z,rules","rule:error-level,template-burst",True
2005-12-05 16:10:00,3.8,4,"robust_z,rules","rule:error-level,template-burst",True
2005-12-05 16:20:00,3.8,4,"robust_z,rules","rule:error-level,template-burst",True
2005-12-05 16:30:00,1.8,3,"poisson,robust_z,rules","rule:error-level,template-burst,template-poisson",True
2005-12-05 16:40:00,0.8,1,rules,rule:error-level,False
2005-12-05 16:50:00,0.0,0,,,False
2005-12-05 17:00:00,0.0,0,,,False
2005-12-05 17:10:00,0.0,0,,,False
2005-12-05 17:20:00,0.0,0,,,False
2005-12-05 17:30:00,0.8,1,rules,rule:error-level,False
2005-12-05 17:40:00,0.8,1,rules,rule:error-level,False
2005-12-05 17:50:00,0.8,1,rules,rule:error-level,False
2005-12-05 18:00:00,0.5,1,rules,rule:error-level,False
2005-12-05 18:10:00,0.8,1,rules,rule:error-level,False
2005-12-05 18:20:00,1.8,2,"robust_z,rules","rule:error-level,template-burst",True
2005-12-05 18:30:00,0.5,1,rules,rule:error-level,False
2005-12-05 18:40:00,0.8,1,rules,rule:error-level,False
2005-12-05 18:50:00,0.8,1,rules,rule:error-level,False
2005-12-05 19:00:00,0.8,1,rules,rule:error-level,False
2005-12-05 19:10:00,0.8,1,rules,rule:error-level,False
