template_id,count,wildcards,is_constant,main_level,first_seen,last_seen,top_source,pattern,example
6,909,6,False,,2005-06-17 07:07:00,2005-07-27 10:59:53,ftpd,connection from <IP> <*> at <*> <*> <NUM> <NUM>:<NUM>:<NUM> <NUM>,Jun 17 07:07:00 combo ftpd[29504]: connection from 24.54.76.216 (24-54-76-216.bflony.adelphia.net) at Fri Jun 17 07:07:00 2005 
2,372,2,False,ERROR,2005-06-15 02:04:59,2005-07-26 07:04:12,sshd(pam_unix),authentication failure; logname= uid=<NUM> euid=<NUM> tty=NODEVssh ruser= <*> <*>,Jun 15 02:04:59 combo sshd(pam_unix)[20882]: authentication failure; logname= uid=0 euid=0 tty=NODEVssh ruser= rhost=220-135-151-1.hinet-ip.hinet.net  user=root
3,123,2,False,,2005-06-15 04:06:18,2005-07-27 04:21:39,su(pam_unix),session opened for user <*> by <*>,Jun 15 04:06:18 combo su(pam_unix)[21416]: session opened for user cyrus by (uid=0)
4,123,1,False,,2005-06-15 04:06:19,2005-07-27 04:21:40,su(pam_unix),session closed for user <*>,Jun 15 04:06:19 combo su(pam_unix)[21416]: session closed for user cyrus
0,118,2,False,ERROR,2005-06-14 15:16:01,2005-07-20 23:37:46,sshd(pam_unix),authentication failure; logname= uid=<NUM> euid=<NUM> <*> ruser= <*>,Jun 14 15:16:01 combo sshd(pam_unix)[19939]: authentication failure; logname= uid=0 euid=0 tty=NODEVssh ruser= rhost=218.188.2.4 
1,117,0,True,,2005-06-14 15:16:02,2005-07-20 23:37:46,sshd(pam_unix),check pass; user unknown,Jun 14 15:16:02 combo sshd(pam_unix)[19937]: check pass; user unknown
5,43,0,True,,2005-06-15 04:06:20,2005-07-27 04:16:09,logrotate,ALERT exited abnormally with [<NUM>],Jun 15 04:06:20 combo logrotate: ALERT exited abnormally with [1]
13,23,0,True,ERROR,2005-06-30 20:53:04,2005-06-30 20:53:06,klogind,Kerberos authentication failed,Jun 30 20:53:04 combo klogind[19272]: Kerberos authentication failed 
22,16,0,True,,2005-07-25 12:09:06,2005-07-25 16:29:20,named,notify question section contains no SOA,Jul 25 12:09:06 combo named[2306]: notify question section contains no SOA
14,15,1,False,ERROR,2005-06-30 20:53:04,2005-06-30 20:53:06,klogind,Authentication failed from <IP> (<IP>): Software caused connection abort,Jun 30 20:53:04 combo klogind[19274]: Authentication failed from 163.27.187.39 (163.27.187.39): Software caused connection abort 
12,8,1,False,ERROR,2005-06-30 20:53:04,2005-06-30 20:53:04,klogind,Authentication failed from <IP> (<IP>): Permission denied in replay cache code,Jun 30 20:53:04 combo klogind[19272]: Authentication failed from 163.27.187.39 (163.27.187.39): Permission denied in replay cache code 
10,7,0,True,,2005-06-19 04:09:11,2005-07-27 14:41:57,syslogd,restart.,Jun 19 04:09:11 combo syslogd 1.4.1: restart.
8,6,0,True,,2005-06-19 04:08:57,2005-07-24 04:20:21,cups,cupsd shutdown succeeded,Jun 19 04:08:57 combo cups: cupsd shutdown succeeded
9,6,0,True,,2005-06-19 04:09:02,2005-07-24 04:20:26,cups,cupsd startup succeeded,Jun 19 04:09:02 combo cups: cupsd startup succeeded
18,4,0,True,,2005-07-07 08:09:11,2005-07-07 08:09:11,udev,removing device node '<PATH>',Jul  7 08:09:11 combo udev[12754]: removing device node '/udev/vcsa2'
19,4,0,True,,2005-07-07 08:09:11,2005-07-07 08:09:11,udev,creating device node '<PATH>',Jul  7 08:09:11 combo udev[12777]: creating device node '/udev/vcs2'
23,4,0,True,,2005-07-25 23:23:13,2005-07-25 23:23:13,ftpd,getpeername (ftpd): Transport endpoint is not connected,Jul 25 23:23:13 combo ftpd[26463]: getpeername (ftpd): Transport endpoint is not connected
21,2,0,True,,2005-07-24 02:38:23,2005-07-24 02:38:23,ftpd,"ANONYMOUS FTP LOGIN FROM <IP>, (anonymous)","Jul 24 02:38:23 combo ftpd[16781]: ANONYMOUS FTP LOGIN FROM 84.102.20.2,  (anonymous)"
24,2,0,True,WARN,2005-07-25 23:23:13,2005-07-25 23:23:13,xinetd,warning: can't get client address: Connection reset by peer,Jul 25 23:23:13 combo xinetd[26482]: warning: can't get client address: Connection reset by peer
29,2,2,False,,2005-07-27 14:41:57,2005-07-27 14:41:57,kernel,BIOS-e820: <NUM> - <*> (usable),Jul 27 14:41:57 combo kernel:  BIOS-e820: 0000000000000000 - 00000000000a0000 (usable)
88,2,1,False,,2005-07-27 14:41:58,2005-07-27 14:41:58,kernel,usbcore: registered new driver <*>,Jul 27 14:41:58 combo kernel: usbcore: registered new driver usbfs
7,1,3,False,,2005-06-18 02:23:10,2005-06-18 02:23:10,ftpd,User unknown timed out after <NUM> seconds at Sat Jun <NUM> <NUM>:<NUM>:<NUM> <NUM>,Jun 18 02:23:10 combo ftpd[31277]: User unknown timed out after 900 seconds at Sat Jun 18 02:23:10 2005 
11,1,1,False,,2005-06-20 04:44:39,2005-06-20 04:44:39,snmpd,Received SNMP packet(s) from <IP>,Jun 20 04:44:39 combo snmpd[2318]: Received SNMP packet(s) from 67.170.148.126 
15,1,0,True,INFO,2005-07-07 08:06:12,2005-07-07 08:06:12,gpm,*** info [mice.c(<NUM>)]:,Jul  7 08:06:12 combo gpm[2094]: *** info [mice.c(1766)]: 
16,1,0,True,,2005-07-07 08:06:12,2005-07-07 08:06:12,gpm,imps2: Auto-detected intellimouse PS/<NUM>,Jul  7 08:06:12 combo gpm[2094]: imps2: Auto-detected intellimouse PS/2
17,1,0,True,,2005-07-07 08:06:15,2005-07-07 08:06:15,root,ROOT LOGIN ON tty2,Jul  7 08:06:15 combo  -- root[2421]: ROOT LOGIN ON tty2
20,1,0,True,,2005-07-11 11:33:17,2005-07-11 11:33:17,gdm-binary,Couldn't authenticate user,Jul 11 11:33:17 combo gdm-binary[2803]: Couldn't authenticate user
25,1,0,True,,2005-07-27 14:41:57,2005-07-27 14:41:57,syslog,syslogd startup succeeded,Jul 27 14:41:57 combo syslog: syslogd startup succeeded
26,1,1,False,,2005-07-27 14:41:57,2005-07-27 14:41:57,kernel,"klogd <NUM>.<NUM>, log source = <PATH> started.","Jul 27 14:41:57 combo kernel: klogd 1.4.1, log source = /proc/kmsg started."
27,1,3,False,,2005-07-27 14:41:57,2005-07-27 14:41:57,kernel,Linux version <NUM>.<NUM>-<NUM> (bhcompile@bugs.build.redhat.com) (gcc version <NUM>.<NUM> <NUM> (Red Hat Linux <NUM>.<NUM>-<NUM>)) #<NUM> Sat May <NUM> <NUM>:<NUM>:<NUM> EDT <NUM>,Jul 27 14:41:57 combo kernel: Linux version 2.6.5-1.358 (bhcompile@bugs.build.redhat.com) (gcc version 3.3.3 20040412 (Red Hat Linux 3.3.3-7)) #1 Sat May 8 09:04:50 EDT 2004
28,1,0,True,,2005-07-27 14:41:57,2005-07-27 14:41:57,kernel,BIOS-provided physical RAM map:,Jul 27 14:41:57 combo kernel: BIOS-provided physical RAM map:
30,1,1,False,,2005-07-27 14:41:57,2005-07-27 14:41:57,kernel,BIOS-e820: 00000000000f0000 - <NUM> (reserved),Jul 27 14:41:57 combo kernel:  BIOS-e820: 00000000000f0000 - 0000000000100000 (reserved)
31,1,1,False,,2005-07-27 14:41:57,2005-07-27 14:41:57,kernel,BIOS-e820: 0000000007eae000 - <NUM> (reserved),Jul 27 14:41:57 combo kernel:  BIOS-e820: 0000000007eae000 - 0000000008000000 (reserved)
32,1,1,False,,2005-07-27 14:41:57,2005-07-27 14:41:57,kernel,BIOS-e820: 00000000ffb00000 - <NUM> (reserved),Jul 27 14:41:57 combo kernel:  BIOS-e820: 00000000ffb00000 - 0000000100000000 (reserved)
33,1,1,False,,2005-07-27 14:41:57,2005-07-27 14:41:57,kernel,<NUM> HIGHMEM available.,Jul 27 14:41:57 combo kernel: 0MB HIGHMEM available.
34,1,1,False,,2005-07-27 14:41:57,2005-07-27 14:41:57,kernel,<NUM> LOWMEM available.,Jul 27 14:41:57 combo kernel: 126MB LOWMEM available.
35,1,0,True,,2005-07-27 14:41:57,2005-07-27 14:41:57,kernel,zapping low mappings.,Jul 27 14:41:57 combo kernel: zapping low mappings.
36,1,0,True,,2005-07-27 14:41:57,2005-07-27 14:41:57,syslog,klogd startup succeeded,Jul 27 14:41:57 combo syslog: klogd startup succeeded
37,1,2,False,,2005-07-27 14:41:57,2005-07-27 14:41:57,kernel,On node <NUM> totalpages: <NUM>,Jul 27 14:41:57 combo kernel: On node 0 totalpages: 32430
38,1,1,False,,2005-07-27 14:41:57,2005-07-27 14:41:57,kernel,"DMA zone: <NUM> pages, LIFO batch:<NUM>","Jul 27 14:41:57 combo kernel:   DMA zone: 4096 pages, LIFO batch:1"
39,1,1,False,,2005-07-27 14:41:57,2005-07-27 14:41:57,kernel,"Normal zone: <NUM> pages, LIFO batch:<NUM>","Jul 27 14:41:57 combo kernel:   Normal zone: 28334 pages, LIFO batch:6"
40,1,0,True,,2005-07-27 14:41:57,2005-07-27 14:41:57,irqbalance,irqbalance startup succeeded,Jul 27 14:41:57 combo irqbalance: irqbalance startup succeeded
41,1,1,False,,2005-07-27 14:41:57,2005-07-27 14:41:57,kernel,"HighMem zone: <NUM> pages, LIFO batch:<NUM>","Jul 27 14:41:57 combo kernel:   HighMem zone: 0 pages, LIFO batch:1"
42,1,1,False,,2005-07-27 14:41:57,2005-07-27 14:41:57,kernel,DMI <NUM> present.,Jul 27 14:41:57 combo kernel: DMI 2.3 present.
43,1,1,False,,2005-07-27 14:41:57,2005-07-27 14:41:57,kernel,ACPI disabled because your bios is from <NUM> and too old,Jul 27 14:41:57 combo kernel: ACPI disabled because your bios is from 2000 and too old
44,1,0,True,,2005-07-27 14:41:57,2005-07-27 14:41:57,kernel,You can enable it with acpi=force,Jul 27 14:41:57 combo kernel: You can enable it with acpi=force
45,1,1,False,,2005-07-27 14:41:57,2005-07-27 14:41:57,kernel,Built <NUM> zonelists,Jul 27 14:41:57 combo kernel: Built 1 zonelists
46,1,0,True,,2005-07-27 14:41:57,2005-07-27 14:41:57,kernel,Kernel command line: ro root=LABEL=/ rhgb quiet,Jul 27 14:41:57 combo kernel: Kernel command line: ro root=LABEL=/ rhgb quiet
47,1,0,True,,2005-07-27 14:41:57,2005-07-27 14:41:57,kernel,mapped 4G/4G trampoline to ffff3000.,Jul 27 14:41:57 combo kernel: mapped 4G/4G trampoline to ffff3000.
48,1,0,True,,2005-07-27 14:41:57,2005-07-27 14:41:57,kernel,Initializing CPU#<NUM>,Jul 27 14:41:57 combo kernel: Initializing CPU#0
49,1,1,False,,2005-07-27 14:41:57,2005-07-27 14:41:57,kernel,"CPU <NUM> irqstacks, hard=<NUM> soft=<NUM>","Jul 27 14:41:57 combo kernel: CPU 0 irqstacks, hard=02345000 soft=02344000"
50,1,0,True,,2005-07-27 14:41:57,2005-07-27 14:41:57,portmap,portmap startup succeeded,Jul 27 14:41:57 combo portmap: portmap startup succeeded
51,1,2,False,,2005-07-27 14:41:57,2005-07-27 14:41:57,kernel,PID hash table entries: <NUM> (order <NUM>: <NUM> bytes),Jul 27 14:41:57 combo kernel: PID hash table entries: 512 (order 9: 4096 bytes)
52,1,1,False,,2005-07-27 14:41:57,2005-07-27 14:41:57,kernel,Detected <NUM> MHz processor.,Jul 27 14:41:57 combo kernel: Detected 731.219 MHz processor.
53,1,0,True,,2005-07-27 14:41:57,2005-07-27 14:41:57,rpc.statd,Version <NUM>.<NUM> Starting,Jul 27 14:41:57 combo rpc.statd[1618]: Version 1.0.6 Starting
54,1,0,True,,2005-07-27 14:41:57,2005-07-27 14:41:57,kernel,Using tsc for high-res timesource,Jul 27 14:41:57 combo kernel: Using tsc for high-res timesource
55,1,0,True,,2005-07-27 14:41:58,2005-07-27 14:41:58,nfslock,rpc.statd startup succeeded,Jul 27 14:41:58 combo nfslock: rpc.statd startup succeeded
56,1,0,True,,2005-07-27 14:41:58,2005-07-27 14:41:58,kernel,Console: colour VGA+ 80x25,Jul 27 14:41:58 combo kernel: Console: colour VGA+ 80x25
57,1,0,True,,2005-07-27 14:41:58,2005-07-27 14:41:58,kernel,"Memory: 125312k/129720k available (1540k kernel code, 3860k reserved, 599k data, 144k init, 0k highmem)","Jul 27 14:41:58 combo kernel: Memory: 125312k/129720k available (1540k kernel code, 3860k reserved, 599k data, 144k init, 0k highmem)"
58,1,1,False,,2005-07-27 14:41:58,2005-07-27 14:41:58,kernel,Calibrating delay loop... <NUM> BogoMIPS,Jul 27 14:41:58 combo kernel: Calibrating delay loop... 1445.88 BogoMIPS
59,1,0,True,,2005-07-27 14:41:58,2005-07-27 14:41:58,kernel,Security Scaffold v1.<NUM> initialized,Jul 27 14:41:58 combo kernel: Security Scaffold v1.0.0 initialized
60,1,0,True,,2005-07-27 14:41:58,2005-07-27 14:41:58,kernel,SELinux: Initializing.,Jul 27 14:41:58 combo kernel: SELinux:  Initializing.
61,1,0,True,,2005-07-27 14:41:58,2005-07-27 14:41:58,kernel,SELinux: Starting in permissive mode,Jul 27 14:41:58 combo kernel: SELinux:  Starting in permissive mode
62,1,0,True,ERROR,2005-07-27 14:41:58,2005-07-27 14:41:58,kernel,"There is already a security framework initialized, register_security failed.","Jul 27 14:41:58 combo kernel: There is already a security framework initialized, register_security failed."
63,1,0,True,ERROR,2005-07-27 14:41:58,2005-07-27 14:41:58,kernel,Failure registering capabilities with the kernel,Jul 27 14:41:58 combo kernel: Failure registering capabilities with the kernel
64,1,0,True,,2005-07-27 14:41:58,2005-07-27 14:41:58,kernel,selinux_register_security: Registering secondary module capability,Jul 27 14:41:58 combo kernel: selinux_register_security:  Registering secondary module capability
65,1,0,True,,2005-07-27 14:41:58,2005-07-27 14:41:58,kernel,Capability LSM initialized,Jul 27 14:41:58 combo kernel: Capability LSM initialized
66,1,0,True,,2005-07-27 14:41:58,2005-07-27 14:41:58,rpcidmapd,rpc.idmapd startup succeeded,Jul 27 14:41:58 combo rpcidmapd: rpc.idmapd startup succeeded
67,1,2,False,,2005-07-27 14:41:58,2005-07-27 14:41:58,kernel,"Dentry cache hash table entries: <NUM> (order: <NUM>, <NUM> bytes)","Jul 27 14:41:58 combo kernel: Dentry cache hash table entries: 16384 (order: 4, 65536 bytes)"
68,1,2,False,,2005-07-27 14:41:58,2005-07-27 14:41:58,kernel,"Inode-cache hash table entries: <NUM> (order: <NUM>, <NUM> bytes)","Jul 27 14:41:58 combo kernel: Inode-cache hash table entries: 8192 (order: 3, 32768 bytes)"
69,1,2,False,,2005-07-27 14:41:58,2005-07-27 14:41:58,kernel,"Mount-cache hash table entries: <NUM> (order: <NUM>, <NUM> bytes)","Jul 27 14:41:58 combo kernel: Mount-cache hash table entries: 512 (order: 0, 4096 bytes)"
70,1,0,True,,2005-07-27 14:41:58,2005-07-27 14:41:58,kernel,"CPU: L1 I cache: 16K, L1 D cache: 16K","Jul 27 14:41:58 combo kernel: CPU: L1 I cache: 16K, L1 D cache: 16K"
71,1,0,True,,2005-07-27 14:41:58,2005-07-27 14:41:58,kernel,CPU: L2 cache: 256K,Jul 27 14:41:58 combo kernel: CPU: L2 cache: 256K
72,1,0,True,,2005-07-27 14:41:58,2005-07-27 14:41:58,kernel,Intel machine check architecture supported.,Jul 27 14:41:58 combo kernel: Intel machine check architecture supported.
73,1,0,True,,2005-07-27 14:41:58,2005-07-27 14:41:58,kernel,Intel machine check reporting enabled on CPU#<NUM>.,Jul 27 14:41:58 combo kernel: Intel machine check reporting enabled on CPU#0.
74,1,1,False,,2005-07-27 14:41:58,2005-07-27 14:41:58,kernel,CPU: Intel Pentium III (Coppermine) stepping <NUM>,Jul 27 14:41:58 combo kernel: CPU: Intel Pentium III (Coppermine) stepping 06
75,1,0,True,,2005-07-27 14:41:58,2005-07-27 14:41:58,kernel,Enabling fast FPU save and restore... done.,Jul 27 14:41:58 combo kernel: Enabling fast FPU save and restore... done.
76,1,0,True,ERROR,2005-07-27 14:41:58,2005-07-27 14:41:58,kernel,Enabling unmasked SIMD FPU exception support... done.,Jul 27 14:41:58 combo kernel: Enabling unmasked SIMD FPU exception support... done.
77,1,0,True,,2005-07-27 14:41:58,2005-07-27 14:41:58,kernel,Checking 'hlt' instruction... OK.,Jul 27 14:41:58 combo kernel: Checking 'hlt' instruction... OK.
78,1,0,True,,2005-07-27 14:41:58,2005-07-27 14:41:58,random,Initializing random number generator: succeeded,Jul 27 14:41:58 combo random: Initializing random number generator:  succeeded
79,1,0,True,,2005-07-27 14:41:58,2005-07-27 14:41:58,kernel,POSIX conformance testing by UNIFIX,Jul 27 14:41:58 combo kernel: POSIX conformance testing by UNIFIX
80,1,1,False,,2005-07-27 14:41:58,2005-07-27 14:41:58,kernel,NET: Registered protocol family <NUM>,Jul 27 14:41:58 combo kernel: NET: Registered protocol family 16
81,1,1,False,,2005-07-27 14:41:58,2005-07-27 14:41:58,kernel,"PCI: PCI BIOS revision <NUM> entry at <HEX>, last bus=<NUM>","Jul 27 14:41:58 combo kernel: PCI: PCI BIOS revision 2.10 entry at 0xfc0ce, last bus=1"
82,1,1,False,,2005-07-27 14:41:58,2005-07-27 14:41:58,kernel,PCI: Using configuration type <NUM>,Jul 27 14:41:58 combo kernel: PCI: Using configuration type 1
83,1,0,True,,2005-07-27 14:41:58,2005-07-27 14:41:58,kernel,mtrr: v2.<NUM> (<NUM>),Jul 27 14:41:58 combo kernel: mtrr: v2.0 (20020519)
84,1,1,False,,2005-07-27 14:41:58,2005-07-27 14:41:58,kernel,ACPI: Subsystem revision <NUM>,Jul 27 14:41:58 combo kernel: ACPI: Subsystem revision 20040326
85,1,0,True,,2005-07-27 14:41:58,2005-07-27 14:41:58,kernel,ACPI: Interpreter disabled.,Jul 27 14:41:58 combo kernel: ACPI: Interpreter disabled.
86,1,0,True,,2005-07-27 14:41:58,2005-07-27 14:41:58,kernel,Linux Plug and Play Support v0.<NUM> (c) Adam Belay,Jul 27 14:41:58 combo kernel: Linux Plug and Play Support v0.97 (c) Adam Belay
87,1,0,True,,2005-07-27 14:41:58,2005-07-27 14:41:58,rc,Starting pcmcia: succeeded,Jul 27 14:41:58 combo rc: Starting pcmcia:  succeeded
89,1,0,True,,2005-07-27 14:41:58,2005-07-27 14:41:58,kernel,ACPI: ACPI tables contain no PCI IRQ routing entries,Jul 27 14:41:58 combo kernel: ACPI: ACPI tables contain no PCI IRQ routing entries
90,1,0,True,,2005-07-27 14:41:59,2005-07-27 14:41:59,kernel,PCI: Invalid ACPI-PCI IRQ routing table,Jul 27 14:41:59 combo kernel: PCI: Invalid ACPI-PCI IRQ routing table
91,1,0,True,,2005-07-27 14:41:59,2005-07-27 14:41:59,kernel,PCI: Probing PCI hardware,Jul 27 14:41:59 combo kernel: PCI: Probing PCI hardware
92,1,0,True,,2005-07-27 14:41:59,2005-07-27 14:41:59,kernel,PCI: Probing PCI hardware (bus <NUM>),Jul 27 14:41:59 combo kernel: PCI: Probing PCI hardware (bus 00)
93,1,0,True,,2005-07-27 14:41:59,2005-07-27 14:41:59,kernel,Transparent bridge - <NUM>:<NUM>:1e.<NUM>,Jul 27 14:41:59 combo kernel: Transparent bridge - 0000:00:1e.0
94,1,0,True,,2005-07-27 14:41:59,2005-07-27 14:41:59,kernel,PCI: Using IRQ router PIIX/ICH [<NUM>/<NUM>] at <NUM>:<NUM>:1f.<NUM>,Jul 27 14:41:59 combo kernel: PCI: Using IRQ router PIIX/ICH [8086/2410] at 0000:00:1f.0
95,1,2,False,,2005-07-27 14:41:59,2005-07-27 14:41:59,kernel,apm: BIOS version <NUM> Flags <HEX> (Driver version <NUM>.16ac),Jul 27 14:41:59 combo kernel: apm: BIOS version 1.2 Flags 0x03 (Driver version 1.16ac)
96,1,0,True,,2005-07-27 14:41:59,2005-07-27 14:41:59,kernel,audit: initializing netlink socket (disabled),Jul 27 14:41:59 combo kernel: audit: initializing netlink socket (disabled)
97,1,1,False,,2005-07-27 14:41:54,2005-07-27 14:41:54,sysctl,kernel.core_uses_pid = <NUM>,Jul 27 14:41:54 combo sysctl: kernel.core_uses_pid = 1 
98,1,1,False,,2005-07-27 14:41:59,2005-07-27 14:41:59,hcid,HCI daemon ver <NUM> started,Jul 27 14:41:59 combo hcid[1690]: HCI daemon ver 2.4 started
99,1,0,True,,2005-07-27 14:41:59,2005-07-27 14:41:59,bluetooth,hcid startup succeeded,Jul 27 14:41:59 combo bluetooth: hcid startup succeeded
100,1,0,True,,2005-07-27 14:41:59,2005-07-27 14:41:59,kernel,audit(<NUM>:<NUM>): initialized,Jul 27 14:41:59 combo kernel: audit(1122475266.4294965305:0): initialized
101,1,0,True,,2005-07-27 14:41:54,2005-07-27 14:41:54,network,Setting network parameters: succeeded,Jul 27 14:41:54 combo network: Setting network parameters:  succeeded 
102,1,0,True,,2005-07-27 14:41:59,2005-07-27 14:41:59,bluetooth,sdpd startup succeeded,Jul 27 14:41:59 combo bluetooth: sdpd startup succeeded
103,1,0,True,,2005-07-27 14:41:59,2005-07-27 14:41:59,sdpd,sdpd v1.<NUM> started,Jul 27 14:41:59 combo sdpd[1696]: sdpd v1.5 started 
104,1,1,False,,2005-07-27 14:41:59,2005-07-27 14:41:59,kernel,"Total HugeTLB memory allocated, <NUM>","Jul 27 14:41:59 combo kernel: Total HugeTLB memory allocated, 0"
105,1,0,True,,2005-07-27 14:41:54,2005-07-27 14:41:54,network,Bringing up loopback interface: succeeded,Jul 27 14:41:54 combo network: Bringing up loopback interface:  succeeded 
106,1,0,True,,2005-07-27 14:41:59,2005-07-27 14:41:59,kernel,VFS: Disk quotas dquot_6.<NUM>,Jul 27 14:41:59 combo kernel: VFS: Disk quotas dquot_6.5.1
107,1,2,False,,2005-07-27 14:41:59,2005-07-27 14:41:59,kernel,"Dquot-cache hash table entries: <NUM> (order <NUM>, <NUM> bytes)","Jul 27 14:41:59 combo kernel: Dquot-cache hash table entries: 1024 (order 0, 4096 bytes)"
108,1,0,True,,2005-07-27 14:41:59,2005-07-27 14:41:59,kernel,SELinux: Registering netfilter hooks,Jul 27 14:41:59 combo kernel: SELinux:  Registering netfilter hooks
109,1,0,True,,2005-07-27 14:41:59,2005-07-27 14:41:59,kernel,Initializing Cryptographic API,Jul 27 14:41:59 combo kernel: Initializing Cryptographic API
110,1,1,False,,2005-07-27 14:41:59,2005-07-27 14:41:59,kernel,pci_hotplug: PCI Hot Plug PCI Core version: <NUM>,Jul 27 14:41:59 combo kernel: pci_hotplug: PCI Hot Plug PCI Core version: 0.5
111,1,0,True,,2005-07-27 14:42:00,2005-07-27 14:42:00,kernel,isapnp: Scanning for PnP cards...,Jul 27 14:42:00 combo kernel: isapnp: Scanning for PnP cards...
112,1,0,True,,2005-07-27 14:42:00,2005-07-27 14:42:00,kernel,isapnp: No Plug & Play device found,Jul 27 14:42:00 combo kernel: isapnp: No Plug & Play device found
113,1,0,True,,2005-07-27 14:42:00,2005-07-27 14:42:00,kernel,Real Time Clock Driver v1.<NUM>,Jul 27 14:42:00 combo kernel: Real Time Clock Driver v1.12
114,1,0,True,,2005-07-27 14:42:00,2005-07-27 14:42:00,kernel,Linux agpgart interface v0.<NUM> (c) Dave Jones,Jul 27 14:42:00 combo kernel: Linux agpgart interface v0.100 (c) Dave Jones
