kind,start,end,n_lines
burst,2005-06-19 13:02:20.080000,2005-06-20 01:02:20.080000,40
novel,2005-06-22 16:03:08.007273,2005-06-23 04:03:08.007273,3
escalation,2005-06-25 19:03:55.934545,2005-06-26 07:03:55.934545,20
burst,2005-06-28 22:04:43.861818,2005-06-29 10:04:43.861818,25
novel,2005-07-02 01:05:31.789091,2005-07-02 13:05:31.789091,8
escalation,2005-07-05 04:06:19.716364,2005-07-05 16:06:19.716364,20
burst,2005-07-08 07:07:07.643636,2005-07-08 19:07:07.643636,27
novel,2005-07-11 10:07:55.570909,2005-07-11 22:07:55.570909,6
escalation,2005-07-14 13:08:43.498182,2005-07-15 01:08:43.498182,18
burst,2005-07-17 16:09:31.425455,2005-07-18 04:09:31.425455,24
novel,2005-07-20 19:10:19.352727,2005-07-21 07:10:19.352727,7
escalation,2005-07-23 22:11:07.280000,2005-07-24 10:11:07.280000,20
